what,when,with
Center for Advanced Study (CAS) Beckman Fellow,2026 - 2027,University of Illinois Urbana-Champaign
Early Career Award,2023 - 2026,Institute of Museum and Library Services (IMLS)
Teach Access Faculty Award,2023,Teach Access
Teachers Ranked as Excellent (four semesters),2022 - 2025,University of Illinois Urbana-Champaign
Best Paper Honorable Mention Award (top 5% of submissions),2022,ACM CHI 2022
Emerging Scholar,2021 - 2022,International Society of the Learning Sciences and the Wallace Foundation
Qualcomm Scholarship (Doctoral Consortium),2020,ACM Richard Tapia Conference
NextGen Leader,2020,Disability:IN
Best Doctoral Proposal Fellowship,2019,First International Conference on Quantitative Ethnography
Andrew V. Kozak Memorial Fellowship,2019,PDK Educational Foundation
Delta Gamma Golden Anchor Award,2015 and 2017,The Pennsylvania State University
Global Korean Government Scholarship,2014 - 2016,National Institute for International Education
Outstanding Academic Award,2014 - 2019,Hyomyoung Scholarship
