what,when,with,where,why
Host,Feb. 2026,International research exchange meeting with Ewha Womans University and Inha University (about 17 visiting faculty and students),"Champaign, IL","Facilitated joint research discussions across the (x)Ability Design Lab, the Accessible Healthcare Lab, and the visiting teams on accessibility and assistive technology."
Conference Reviewer,2022 - 2026,"ACM CHI (2022, 2023, 2025); ACM ASSETS (2023); ACM IDC (2026); AERA SIG-Learning Sciences (2023); EDM (2022); W4A (2022)",Virtual,
Journal Reviewer,2023 - 2025,Information and Learning Sciences (2023); IEEE Security & Privacy (2024); IEEE Computer Graphics and Applications (2025),Virtual,
Review Panelist,2025,"National Science Foundation (NSF), Division of Computer and Network Systems (CISE/CNS)","Alexandria, VA",
Host,Feb. 2025,International research exchange visit from Ewha Womans University (Department of Special Education) and Inha University (Department of Electronic Engineering),"Champaign, IL",Live demonstrations of accessibility research projects at the (x)Ability Design Lab.
Proposal Reviewer,Fall 2024,"Chancellor's Call to Research Program (full proposals), University of Illinois Urbana-Champaign","Champaign, IL",
Digital Accessibility and Excellence Steering Committee,Spring 2024 - Present,"Office of the Provost, University of Illinois Urbana-Champaign","Champaign, IL",Appointed by the University Provost.
Program Committee Member,2023 - 2024,International Conference on Quantitative Ethnography (ICQE) 2023; ACM ASSETS 2024,Virtual,
Doctoral Studies Committee,Fall 2023 - Spring 2026,School of Information Sciences at the University of Illinois at Urbana-Champaign,"Champaign, IL",
Accessibility Customer Advisory Board Member,2023 - Present,MathWorks,Virtual,"Providing feedback on MATLAB accessibility features, generative AI integration, and assistive technology compatibility."
Professional Development Instructor,"Summer 2023, 2024, 2025","Non-Visual Data Science Course for Blind Individuals, Smith-Kettlewell Eye Research Institute","San Francisco, CA",Organized and delivered professional development on non-visual data science for blind individuals: https://www.ski.org/projects/empowering-data-vision-data-science-course-blind-individuals
Panel Moderator,Spring 2023,Disability Etiquette panel at the Access Illinois event,"Champaign, IL",
Host,Mar. 2023,"Invited talk by Eun Kyoung Choe (University of Maryland iSchool): ""Converse with Myself, My Data: How Speech Can Augment Personal Informatics""","Champaign, IL",
Search Committee for Tenure-Track Information Accessibility Faculty,Fall 2022 - Spring 2023,School of Information Sciences at the University of Illinois at Urbana-Champaign,"Champaign, IL",
Accessibility Consultant (Faculty Affiliate and Senior Personnel),Fall 2022 - Present,"NSF-funded Delta GPU High-Performance Computing Project, National Center for Supercomputing Applications (NCSA)","Champaign, IL",
Data Science Task Force Committee,Fall 2022,School of Information Sciences at the University of Illinois at Urbana-Champaign,"Champaign, IL",
Accessibility Advisory Member and Co-Designer,2022 - Present,Microsoft Visual Studio Code (VS Code) Accessibility Team,Virtual,"Collaborating on screen reader support, terminal buffer, semantic audio cues, Copilot, and Jupyter Notebook accessibility."
Advisory Board Member,2022 - Present,"""Making is for Everyone: Learning within Library Makerspaces for Youth with Disabilities"" (IMLS National Leadership Grant #LG-252323-OLS-22)",Virtual,
Host,Apr. 2022,"Responsible Data Science and AI Speaker Series (Mine Çetinkaya-Rundel: ""Teaching Data Science, Responsibly"")",Online,
"Search Committee for Director/Assistant Dean, Diversity, Equity, Inclusion, and Accessibility (DEIA)",Apr. 2022 - Aug. 2022,School of Information Sciences at the University of Illinois at Urbana-Champaign,"Champaign, IL",
Diversity Committee,Fall 2021 - Spring 2023,School of Information Sciences at the University of Illinois at Urbana-Champaign,"Champaign, IL",
Program Committee Member,Dec. 2021 - Feb. 2022,International Web for All Conference (W4A) 2022,Virtual,
Accessibility Chair,Oct. 2021 - Jul. 2022,15th International Conference on Educational Data Mining,Durham,
Journal Reviewer,Sep. 2021,Special issue on ethnography and learning design,TechTrends,
Reviewer,2020,The Network of Academic Programs in the Learning Sciences (NAPLeS),International Society of the Learning Sciences,Reviewed abstracts on equity and disability.
College of Education Technology Committee,Aug. 2019 - May. 2020,The Pennsylvania State University,"University Park, PA",Worked as a student committee member to support understanding of educational technology for College of Education.
Libraries' Accessibility Student Advisory Group,Aug. 2019 - May. 2020,The Pennsylvania State University,"University Park, PA",
Reviewer,2019,The 14th International Conference of the Learning Sciences (ICLS),"Nashville, TN",
Reviewer,"2019, 2020","The ACM CHI Conference on Human Factors in Computing Systems (CHI 2020, 2021)","Honolulu, HI, Yokohama, Japan",
Reviewer,2019,The 1st International Conference on Quantitative Ethnography (ICQE),"Madison, WI",
Reviewer,2018,The 3rd Learning Sciences Graduate Student Conference (LSGSC),"Nashville, TN",
Reviewer,2017,The 2nd Learning Sciences Graduate Student Conference (LSGSC),"Bloomington, IN",
Funding Reviewer,2016,"Center for Online Innovation in Learning (COIL), The Pennsylvania State University","University Park, PA",
